sample	tissue	path
m140119_095807	brain	m140119_095807_sherri_c100625400310000001823112208061413_s1_p0.1.bax.h5
m140119_095807	brain	m140119_095807_sherri_c100625400310000001823112208061413_s1_p0.2.bax.h5
m140119_095807	brain	m140119_095807_sherri_c100625400310000001823112208061413_s1_p0.3.bax.h5
m140119_132554	brain	m140119_132554_sherri_c100625400310000001823112208061414_s1_p0.1.bax.h5
m140119_132554	brain	m140119_132554_sherri_c100625400310000001823112208061414_s1_p0.2.bax.h5
m140119_132554	brain	m140119_132554_sherri_c100625400310000001823112208061414_s1_p0.3.bax.h5
m140119_165149	brain	m140119_165149_sherri_c100623990070000001823119508061480_s1_p0.1.bax.h5
m140119_165149	brain	m140119_165149_sherri_c100623990070000001823119508061480_s1_p0.2.bax.h5
m140119_165149	brain	m140119_165149_sherri_c100623990070000001823119508061480_s1_p0.3.bax.h5
m140119_202143	brain	m140119_202143_sherri_c100623990070000001823119508061481_s1_p0.1.bax.h5
m140119_202143	brain	m140119_202143_sherri_c100623990070000001823119508061481_s1_p0.2.bax.h5
m140119_202143	brain	m140119_202143_sherri_c100623990070000001823119508061481_s1_p0.3.bax.h5
m140119_234911	brain	m140119_234911_sherri_c100623990070000001823119508061482_s1_p0.1.bax.h5
m140119_234911	brain	m140119_234911_sherri_c100623990070000001823119508061482_s1_p0.2.bax.h5
m140119_234911	brain	m140119_234911_sherri_c100623990070000001823119508061482_s1_p0.3.bax.h5
m140121_032639	brain	m140121_032639_42142_c100622940150000001823111308061430_s1_p0.1.bax.h5
m140121_032639	brain	m140121_032639_42142_c100622940150000001823111308061430_s1_p0.2.bax.h5
m140121_032639	brain	m140121_032639_42142_c100622940150000001823111308061430_s1_p0.3.bax.h5
m140121_064858	brain	m140121_064858_42142_c100622940150000001823111308061431_s1_p0.1.bax.h5
m140121_064858	brain	m140121_064858_42142_c100622940150000001823111308061431_s1_p0.2.bax.h5
m140121_064858	brain	m140121_064858_42142_c100622940150000001823111308061431_s1_p0.3.bax.h5
m140121_101415	brain	m140121_101415_42142_c100622940150000001823111308061432_s1_p0.1.bax.h5
m140121_101415	brain	m140121_101415_42142_c100622940150000001823111308061432_s1_p0.2.bax.h5
m140121_101415	brain	m140121_101415_42142_c100622940150000001823111308061432_s1_p0.3.bax.h5
m140121_133642	brain	m140121_133642_42142_c100622940150000001823111308061433_s1_p0.1.bax.h5
m140121_133642	brain	m140121_133642_42142_c100622940150000001823111308061433_s1_p0.2.bax.h5
m140121_133642	brain	m140121_133642_42142_c100622940150000001823111308061433_s1_p0.3.bax.h5
m140206_031640	brain	m140206_031640_42141_c110038252550000001823107706241420_s1_p0.1.bax.h5
m140206_031640	brain	m140206_031640_42141_c110038252550000001823107706241420_s1_p0.2.bax.h5
m140206_031640	brain	m140206_031640_42141_c110038252550000001823107706241420_s1_p0.3.bax.h5
m140206_063529	brain	m140206_063529_42141_c110038252550000001823107706241421_s1_p0.1.bax.h5
m140206_063529	brain	m140206_063529_42141_c110038252550000001823107706241421_s1_p0.2.bax.h5
m140206_063529	brain	m140206_063529_42141_c110038252550000001823107706241421_s1_p0.3.bax.h5
m140206_095437	brain	m140206_095437_42141_c110038252550000001823107706241422_s1_p0.1.bax.h5
m140206_095437	brain	m140206_095437_42141_c110038252550000001823107706241422_s1_p0.2.bax.h5
m140206_095437	brain	m140206_095437_42141_c110038252550000001823107706241422_s1_p0.3.bax.h5
m140206_131350	brain	m140206_131350_42141_c110038252550000001823107706241423_s1_p0.1.bax.h5
m140206_131350	brain	m140206_131350_42141_c110038252550000001823107706241423_s1_p0.2.bax.h5
m140206_131350	brain	m140206_131350_42141_c110038252550000001823107706241423_s1_p0.3.bax.h5
m140206_163303	brain	m140206_163303_42141_c110038252550000001823107706241424_s1_p0.1.bax.h5
m140206_163303	brain	m140206_163303_42141_c110038252550000001823107706241424_s1_p0.2.bax.h5
m140206_163303	brain	m140206_163303_42141_c110038252550000001823107706241424_s1_p0.3.bax.h5
m140206_195216	brain	m140206_195216_42141_c110038252550000001823107706241425_s1_p0.1.bax.h5
m140206_195216	brain	m140206_195216_42141_c110038252550000001823107706241425_s1_p0.2.bax.h5
m140206_195216	brain	m140206_195216_42141_c110038252550000001823107706241425_s1_p0.3.bax.h5
m140213_023318	brain	m140213_023318_sherri_c110038432550000001823107706241480_s1_p0.1.bax.h5
m140213_023318	brain	m140213_023318_sherri_c110038432550000001823107706241480_s1_p0.2.bax.h5
m140213_023318	brain	m140213_023318_sherri_c110038432550000001823107706241480_s1_p0.3.bax.h5
m140213_024332	brain	m140213_024332_42142_c100632392550000001823124209121480_s1_p0.1.bax.h5
m140213_024332	brain	m140213_024332_42142_c100632392550000001823124209121480_s1_p0.2.bax.h5
m140213_024332	brain	m140213_024332_42142_c100632392550000001823124209121480_s1_p0.3.bax.h5
m140213_055450	brain	m140213_055450_sherri_c110038432550000001823107706241481_s1_p0.1.bax.h5
m140213_055450	brain	m140213_055450_sherri_c110038432550000001823107706241481_s1_p0.2.bax.h5
m140213_055450	brain	m140213_055450_sherri_c110038432550000001823107706241481_s1_p0.3.bax.h5
m140213_061904	brain	m140213_061904_42142_c100632392550000001823124209121481_s1_p0.1.bax.h5
m140213_061904	brain	m140213_061904_42142_c100632392550000001823124209121481_s1_p0.2.bax.h5
m140213_061904	brain	m140213_061904_42142_c100632392550000001823124209121481_s1_p0.3.bax.h5
m140213_091856	brain	m140213_091856_sherri_c110038432550000001823107706241482_s1_p0.1.bax.h5
m140213_091856	brain	m140213_091856_sherri_c110038432550000001823107706241482_s1_p0.2.bax.h5
m140213_091856	brain	m140213_091856_sherri_c110038432550000001823107706241482_s1_p0.3.bax.h5
m140213_095745	brain	m140213_095745_42142_c100632392550000001823124209121482_s1_p0.1.bax.h5
m140213_095745	brain	m140213_095745_42142_c100632392550000001823124209121482_s1_p0.2.bax.h5
m140213_095745	brain	m140213_095745_42142_c100632392550000001823124209121482_s1_p0.3.bax.h5
m140213_124252	brain	m140213_124252_sherri_c110038432550000001823107706241483_s1_p0.1.bax.h5
m140213_124252	brain	m140213_124252_sherri_c110038432550000001823107706241483_s1_p0.2.bax.h5
m140213_124252	brain	m140213_124252_sherri_c110038432550000001823107706241483_s1_p0.3.bax.h5
m140213_133714	brain	m140213_133714_42142_c100632392550000001823124209121483_s1_p0.1.bax.h5
m140213_133714	brain	m140213_133714_42142_c100632392550000001823124209121483_s1_p0.2.bax.h5
m140213_133714	brain	m140213_133714_42142_c100632392550000001823124209121483_s1_p0.3.bax.h5
m140213_160622	brain	m140213_160622_sherri_c110038432550000001823107706241484_s1_p0.1.bax.h5
m140213_160622	brain	m140213_160622_sherri_c110038432550000001823107706241484_s1_p0.2.bax.h5
m140213_160622	brain	m140213_160622_sherri_c110038432550000001823107706241484_s1_p0.3.bax.h5
m140213_192933	brain	m140213_192933_sherri_c110038432550000001823107706241485_s1_p0.1.bax.h5
m140213_192933	brain	m140213_192933_sherri_c110038432550000001823107706241485_s1_p0.2.bax.h5
m140213_192933	brain	m140213_192933_sherri_c110038432550000001823107706241485_s1_p0.3.bax.h5
m140220_010916	brain	m140220_010916_42141_c100623532550000001823111708061436_s1_p0.1.bax.h5
m140220_010916	brain	m140220_010916_42141_c100623532550000001823111708061436_s1_p0.2.bax.h5
m140220_010916	brain	m140220_010916_42141_c100623532550000001823111708061436_s1_p0.3.bax.h5
m140220_042756	brain	m140220_042756_42141_c100623532550000001823111708061437_s1_p0.1.bax.h5
m140220_042756	brain	m140220_042756_42141_c100623532550000001823111708061437_s1_p0.2.bax.h5
m140220_042756	brain	m140220_042756_42141_c100623532550000001823111708061437_s1_p0.3.bax.h5
m140220_074709	brain	m140220_074709_42141_c100633500150000001823121009121490_s1_p0.1.bax.h5
m140220_074709	brain	m140220_074709_42141_c100633500150000001823121009121490_s1_p0.2.bax.h5
m140220_074709	brain	m140220_074709_42141_c100633500150000001823121009121490_s1_p0.3.bax.h5
m140220_110624	brain	m140220_110624_42141_c100633500150000001823121009121491_s1_p0.1.bax.h5
m140220_110624	brain	m140220_110624_42141_c100633500150000001823121009121491_s1_p0.2.bax.h5
m140220_110624	brain	m140220_110624_42141_c100633500150000001823121009121491_s1_p0.3.bax.h5
m140220_142535	brain	m140220_142535_42141_c100633500150000001823121009121492_s1_p0.1.bax.h5
m140220_142535	brain	m140220_142535_42141_c100633500150000001823121009121492_s1_p0.2.bax.h5
m140220_142535	brain	m140220_142535_42141_c100633500150000001823121009121492_s1_p0.3.bax.h5
m140220_174448	brain	m140220_174448_42141_c100633500150000001823121009121493_s1_p0.1.bax.h5
m140220_174448	brain	m140220_174448_42141_c100633500150000001823121009121493_s1_p0.2.bax.h5
m140220_174448	brain	m140220_174448_42141_c100633500150000001823121009121493_s1_p0.3.bax.h5
m140225_212801	brain	m140225_212801_42141_c100631202390000001823105309121430_s1_p0.1.bax.h5
m140225_212801	brain	m140225_212801_42141_c100631202390000001823105309121430_s1_p0.2.bax.h5
m140225_212801	brain	m140225_212801_42141_c100631202390000001823105309121430_s1_p0.3.bax.h5
m140226_004703	brain	m140226_004703_42141_c100631202390000001823105309121431_s1_p0.1.bax.h5
m140226_004703	brain	m140226_004703_42141_c100631202390000001823105309121431_s1_p0.2.bax.h5
m140226_004703	brain	m140226_004703_42141_c100631202390000001823105309121431_s1_p0.3.bax.h5
m140226_040616	brain	m140226_040616_42141_c100631202390000001823105309121432_s1_p0.1.bax.h5
m140226_040616	brain	m140226_040616_42141_c100631202390000001823105309121432_s1_p0.2.bax.h5
m140226_040616	brain	m140226_040616_42141_c100631202390000001823105309121432_s1_p0.3.bax.h5
m140226_072529	brain	m140226_072529_42141_c100631202390000001823105309121433_s1_p0.1.bax.h5
m140226_072529	brain	m140226_072529_42141_c100631202390000001823105309121433_s1_p0.2.bax.h5
m140226_072529	brain	m140226_072529_42141_c100631202390000001823105309121433_s1_p0.3.bax.h5
m140226_104442	brain	m140226_104442_42141_c100631202390000001823105309121435_s1_p0.1.bax.h5
m140226_104442	brain	m140226_104442_42141_c100631202390000001823105309121435_s1_p0.2.bax.h5
m140226_104442	brain	m140226_104442_42141_c100631202390000001823105309121435_s1_p0.3.bax.h5
m140226_140355	brain	m140226_140355_42141_c100631202390000001823105309121436_s1_p0.1.bax.h5
m140226_140355	brain	m140226_140355_42141_c100631202390000001823105309121436_s1_p0.2.bax.h5
m140226_140355	brain	m140226_140355_42141_c100631202390000001823105309121436_s1_p0.3.bax.h5
m140308_033548	brain	m140308_033548_sherri_c100641472550000001823126010151460_s1_p0.1.bax.h5
m140308_033548	brain	m140308_033548_sherri_c100641472550000001823126010151460_s1_p0.2.bax.h5
m140308_033548	brain	m140308_033548_sherri_c100641472550000001823126010151460_s1_p0.3.bax.h5
m140308_070501	brain	m140308_070501_sherri_c100641472550000001823126010151461_s1_p0.1.bax.h5
m140308_070501	brain	m140308_070501_sherri_c100641472550000001823126010151461_s1_p0.2.bax.h5
m140308_070501	brain	m140308_070501_sherri_c100641472550000001823126010151461_s1_p0.3.bax.h5
m140308_104027	brain	m140308_104027_sherri_c100641472550000001823126010151462_s1_p0.1.bax.h5
m140308_104027	brain	m140308_104027_sherri_c100641472550000001823126010151462_s1_p0.2.bax.h5
m140308_104027	brain	m140308_104027_sherri_c100641472550000001823126010151462_s1_p0.3.bax.h5
m140308_141259	brain	m140308_141259_sherri_c100641472550000001823126010151463_s1_p0.1.bax.h5
m140308_141259	brain	m140308_141259_sherri_c100641472550000001823126010151463_s1_p0.2.bax.h5
m140308_141259	brain	m140308_141259_sherri_c100641472550000001823126010151463_s1_p0.3.bax.h5
m140308_174717	brain	m140308_174717_sherri_c100641472550000001823126010151464_s1_p0.1.bax.h5
m140308_174717	brain	m140308_174717_sherri_c100641472550000001823126010151464_s1_p0.2.bax.h5
m140308_174717	brain	m140308_174717_sherri_c100641472550000001823126010151464_s1_p0.3.bax.h5
m140308_212337	brain	m140308_212337_sherri_c100641472550000001823126010151465_s1_p0.1.bax.h5
m140308_212337	brain	m140308_212337_sherri_c100641472550000001823126010151465_s1_p0.2.bax.h5
m140308_212337	brain	m140308_212337_sherri_c100641472550000001823126010151465_s1_p0.3.bax.h5
m140309_005951	brain	m140309_005951_sherri_c100641472550000001823126010151466_s1_p0.1.bax.h5
m140309_005951	brain	m140309_005951_sherri_c100641472550000001823126010151466_s1_p0.2.bax.h5
m140309_005951	brain	m140309_005951_sherri_c100641472550000001823126010151466_s1_p0.3.bax.h5
m140309_043201	brain	m140309_043201_sherri_c100641472550000001823126010151467_s1_p0.1.bax.h5
m140309_043201	brain	m140309_043201_sherri_c100641472550000001823126010151467_s1_p0.2.bax.h5
m140309_043201	brain	m140309_043201_sherri_c100641472550000001823126010151467_s1_p0.3.bax.h5
m140517_022630	brain	m140517_022630_42141_c110042412550000001823111106241444_s1_p0.1.bax.h5
m140517_022630	brain	m140517_022630_42141_c110042412550000001823111106241444_s1_p0.2.bax.h5
m140517_022630	brain	m140517_022630_42141_c110042412550000001823111106241444_s1_p0.3.bax.h5
m140517_064855	brain	m140517_064855_42141_c110042412550000001823111106241445_s1_p0.1.bax.h5
m140517_064855	brain	m140517_064855_42141_c110042412550000001823111106241445_s1_p0.2.bax.h5
m140517_064855	brain	m140517_064855_42141_c110042412550000001823111106241445_s1_p0.3.bax.h5
m140518_045655	brain	m140518_045655_42141_c110034182550000001823102605301486_s1_p0.1.bax.h5
m140518_045655	brain	m140518_045655_42141_c110034182550000001823102605301486_s1_p0.3.bax.h5
m140518_092242	brain	m140518_092242_42141_c110034182550000001823102605301487_s1_p0.1.bax.h5
m140518_092242	brain	m140518_092242_42141_c110034182550000001823102605301487_s1_p0.2.bax.h5
m140518_092242	brain	m140518_092242_42141_c110034182550000001823102605301487_s1_p0.3.bax.h5
m140121_032645	heart	m140121_032645_42141_c100626750070000001823119808061460_s1_p0.1.bax.h5
m140121_032645	heart	m140121_032645_42141_c100626750070000001823119808061460_s1_p0.2.bax.h5
m140121_032645	heart	m140121_032645_42141_c100626750070000001823119808061460_s1_p0.3.bax.h5
m140121_064408	heart	m140121_064408_42141_c100626750070000001823119808061461_s1_p0.1.bax.h5
m140121_064408	heart	m140121_064408_42141_c100626750070000001823119808061461_s1_p0.2.bax.h5
m140121_064408	heart	m140121_064408_42141_c100626750070000001823119808061461_s1_p0.3.bax.h5
m140121_100730	heart	m140121_100730_42141_c100626750070000001823119808061462_s1_p0.1.bax.h5
m140121_100730	heart	m140121_100730_42141_c100626750070000001823119808061462_s1_p0.2.bax.h5
m140121_100730	heart	m140121_100730_42141_c100626750070000001823119808061462_s1_p0.3.bax.h5
m140121_132657	heart	m140121_132657_42141_c100626060070000001823118408061490_s1_p0.1.bax.h5
m140121_132657	heart	m140121_132657_42141_c100626060070000001823118408061490_s1_p0.2.bax.h5
m140121_132657	heart	m140121_132657_42141_c100626060070000001823118408061490_s1_p0.3.bax.h5
m140121_164721	heart	m140121_164721_42141_c100626060070000001823118408061491_s1_p0.1.bax.h5
m140121_164721	heart	m140121_164721_42141_c100626060070000001823118408061491_s1_p0.2.bax.h5
m140121_164721	heart	m140121_164721_42141_c100626060070000001823118408061491_s1_p0.3.bax.h5
m140121_200633	heart	m140121_200633_42141_c100626060070000001823118408061492_s1_p0.1.bax.h5
m140121_200633	heart	m140121_200633_42141_c100626060070000001823118408061492_s1_p0.2.bax.h5
m140121_200633	heart	m140121_200633_42141_c100626060070000001823118408061492_s1_p0.3.bax.h5
m140131_031135	heart	m140131_031135_42141_c110038482550000001823107706241430_s1_p0.1.bax.h5
m140131_031135	heart	m140131_031135_42141_c110038482550000001823107706241430_s1_p0.2.bax.h5
m140131_031135	heart	m140131_031135_42141_c110038482550000001823107706241430_s1_p0.3.bax.h5
m140131_063020	heart	m140131_063020_42141_c110038482550000001823107706241431_s1_p0.1.bax.h5
m140131_063020	heart	m140131_063020_42141_c110038482550000001823107706241431_s1_p0.2.bax.h5
m140131_063020	heart	m140131_063020_42141_c110038482550000001823107706241431_s1_p0.3.bax.h5
m140131_095235	heart	m140131_095235_42141_c110038482550000001823107706241432_s1_p0.1.bax.h5
m140131_095235	heart	m140131_095235_42141_c110038482550000001823107706241432_s1_p0.2.bax.h5
m140131_095235	heart	m140131_095235_42141_c110038482550000001823107706241432_s1_p0.3.bax.h5
m140131_131341	heart	m140131_131341_42141_c110038482550000001823107706241433_s1_p0.1.bax.h5
m140131_131341	heart	m140131_131341_42141_c110038482550000001823107706241433_s1_p0.2.bax.h5
m140131_131341	heart	m140131_131341_42141_c110038482550000001823107706241433_s1_p0.3.bax.h5
m140220_222848	heart	m140220_222848_42142_c100634462490000001823117809121470_s1_p0.1.bax.h5
m140220_222848	heart	m140220_222848_42142_c100634462490000001823117809121470_s1_p0.2.bax.h5
m140220_222848	heart	m140220_222848_42142_c100634462490000001823117809121470_s1_p0.3.bax.h5
m140221_003203	heart	m140221_003203_42141_c100634362510000001823117809121430_s1_p0.1.bax.h5
m140221_003203	heart	m140221_003203_42141_c100634362510000001823117809121430_s1_p0.2.bax.h5
m140221_003203	heart	m140221_003203_42141_c100634362510000001823117809121430_s1_p0.3.bax.h5
m140221_015407	heart	m140221_015407_42142_c100634462490000001823117809121473_s1_p0.1.bax.h5
m140221_015407	heart	m140221_015407_42142_c100634462490000001823117809121473_s1_p0.2.bax.h5
m140221_015407	heart	m140221_015407_42142_c100634462490000001823117809121473_s1_p0.3.bax.h5
m140221_035026	heart	m140221_035026_42141_c100634362510000001823117809121431_s1_p0.1.bax.h5
m140221_035026	heart	m140221_035026_42141_c100634362510000001823117809121431_s1_p0.2.bax.h5
m140221_035026	heart	m140221_035026_42141_c100634362510000001823117809121431_s1_p0.3.bax.h5
m140221_052041	heart	m140221_052041_42142_c100634462490000001823117809121474_s1_p0.1.bax.h5
m140221_052041	heart	m140221_052041_42142_c100634462490000001823117809121474_s1_p0.2.bax.h5
m140221_052041	heart	m140221_052041_42142_c100634462490000001823117809121474_s1_p0.3.bax.h5
m140221_070939	heart	m140221_070939_42141_c100634362510000001823117809121433_s1_p0.1.bax.h5
m140221_070939	heart	m140221_070939_42141_c100634362510000001823117809121433_s1_p0.2.bax.h5
m140221_070939	heart	m140221_070939_42141_c100634362510000001823117809121433_s1_p0.3.bax.h5
m140221_084430	heart	m140221_084430_42142_c100634462490000001823117809121475_s1_p0.1.bax.h5
m140221_084430	heart	m140221_084430_42142_c100634462490000001823117809121475_s1_p0.2.bax.h5
m140221_084430	heart	m140221_084430_42142_c100634462490000001823117809121475_s1_p0.3.bax.h5
m140221_102852	heart	m140221_102852_42141_c100634362510000001823117809121434_s1_p0.1.bax.h5
m140221_102852	heart	m140221_102852_42141_c100634362510000001823117809121434_s1_p0.2.bax.h5
m140221_102852	heart	m140221_102852_42141_c100634362510000001823117809121434_s1_p0.3.bax.h5
m140221_120945	heart	m140221_120945_42142_c100634462490000001823117809121476_s1_p0.1.bax.h5
m140221_120945	heart	m140221_120945_42142_c100634462490000001823117809121476_s1_p0.2.bax.h5
m140221_120945	heart	m140221_120945_42142_c100634462490000001823117809121476_s1_p0.3.bax.h5
m140221_134805	heart	m140221_134805_42141_c100634362510000001823117809121435_s1_p0.1.bax.h5
m140221_134805	heart	m140221_134805_42141_c100634362510000001823117809121435_s1_p0.2.bax.h5
m140221_134805	heart	m140221_134805_42141_c100634362510000001823117809121435_s1_p0.3.bax.h5
m140221_153518	heart	m140221_153518_42142_c100634462490000001823117809121477_s1_p0.1.bax.h5
m140221_153518	heart	m140221_153518_42142_c100634462490000001823117809121477_s1_p0.2.bax.h5
m140221_153518	heart	m140221_153518_42142_c100634462490000001823117809121477_s1_p0.3.bax.h5
m140221_170718	heart	m140221_170718_42141_c100634362510000001823117809121436_s1_p0.1.bax.h5
m140221_170718	heart	m140221_170718_42141_c100634362510000001823117809121436_s1_p0.2.bax.h5
m140221_170718	heart	m140221_170718_42141_c100634362510000001823117809121436_s1_p0.3.bax.h5
m140309_102439	heart	m140309_102439_sherri_c100641502550000001823126010151400_s1_p0.1.bax.h5
m140309_102439	heart	m140309_102439_sherri_c100641502550000001823126010151400_s1_p0.2.bax.h5
m140309_102439	heart	m140309_102439_sherri_c100641502550000001823126010151400_s1_p0.3.bax.h5
m140309_135823	heart	m140309_135823_sherri_c100641502550000001823126010151401_s1_p0.1.bax.h5
m140309_135823	heart	m140309_135823_sherri_c100641502550000001823126010151401_s1_p0.2.bax.h5
m140309_135823	heart	m140309_135823_sherri_c100641502550000001823126010151401_s1_p0.3.bax.h5
m140309_173351	heart	m140309_173351_sherri_c100641502550000001823126010151402_s1_p0.1.bax.h5
m140309_173351	heart	m140309_173351_sherri_c100641502550000001823126010151402_s1_p0.2.bax.h5
m140309_173351	heart	m140309_173351_sherri_c100641502550000001823126010151402_s1_p0.3.bax.h5
m140309_211055	heart	m140309_211055_sherri_c100641502550000001823126010151403_s1_p0.1.bax.h5
m140309_211055	heart	m140309_211055_sherri_c100641502550000001823126010151403_s1_p0.2.bax.h5
m140309_211055	heart	m140309_211055_sherri_c100641502550000001823126010151403_s1_p0.3.bax.h5
m140310_004313	heart	m140310_004313_sherri_c100641502550000001823126010151404_s1_p0.1.bax.h5
m140310_004313	heart	m140310_004313_sherri_c100641502550000001823126010151404_s1_p0.2.bax.h5
m140310_004313	heart	m140310_004313_sherri_c100641502550000001823126010151404_s1_p0.3.bax.h5
m140310_041954	heart	m140310_041954_sherri_c100641502550000001823126010151405_s1_p0.1.bax.h5
m140310_041954	heart	m140310_041954_sherri_c100641502550000001823126010151405_s1_p0.2.bax.h5
m140310_041954	heart	m140310_041954_sherri_c100641502550000001823126010151405_s1_p0.3.bax.h5
m140310_080044	heart	m140310_080044_sherri_c100641502550000001823126010151406_s1_p0.1.bax.h5
m140310_080044	heart	m140310_080044_sherri_c100641502550000001823126010151406_s1_p0.2.bax.h5
m140310_080044	heart	m140310_080044_sherri_c100641502550000001823126010151406_s1_p0.3.bax.h5
m140310_113630	heart	m140310_113630_sherri_c100641502550000001823126010151407_s1_p0.1.bax.h5
m140310_113630	heart	m140310_113630_sherri_c100641502550000001823126010151407_s1_p0.2.bax.h5
m140310_113630	heart	m140310_113630_sherri_c100641502550000001823126010151407_s1_p0.3.bax.h5
m140220_223157	liver	m140220_223157_sherri_c100633820630000001823124709121450_s1_p0.1.bax.h5
m140220_223157	liver	m140220_223157_sherri_c100633820630000001823124709121450_s1_p0.2.bax.h5
m140220_223157	liver	m140220_223157_sherri_c100633820630000001823124709121450_s1_p0.3.bax.h5
m140221_015622	liver	m140221_015622_sherri_c100633820630000001823124709121451_s1_p0.1.bax.h5
m140221_015622	liver	m140221_015622_sherri_c100633820630000001823124709121451_s1_p0.2.bax.h5
m140221_015622	liver	m140221_015622_sherri_c100633820630000001823124709121451_s1_p0.3.bax.h5
m140221_052005	liver	m140221_052005_sherri_c100633820630000001823124709121452_s1_p0.1.bax.h5
m140221_052005	liver	m140221_052005_sherri_c100633820630000001823124709121452_s1_p0.2.bax.h5
m140221_052005	liver	m140221_052005_sherri_c100633820630000001823124709121452_s1_p0.3.bax.h5
m140221_084347	liver	m140221_084347_sherri_c100633820630000001823124709121453_s1_p0.1.bax.h5
m140221_084347	liver	m140221_084347_sherri_c100633820630000001823124709121453_s1_p0.2.bax.h5
m140221_084347	liver	m140221_084347_sherri_c100633820630000001823124709121453_s1_p0.3.bax.h5
m140221_120940	liver	m140221_120940_sherri_c100633820630000001823124709121454_s1_p0.1.bax.h5
m140221_120940	liver	m140221_120940_sherri_c100633820630000001823124709121454_s1_p0.2.bax.h5
m140221_120940	liver	m140221_120940_sherri_c100633820630000001823124709121454_s1_p0.3.bax.h5
m140221_153431	liver	m140221_153431_sherri_c100633820630000001823124709121455_s1_p0.1.bax.h5
m140221_153431	liver	m140221_153431_sherri_c100633820630000001823124709121455_s1_p0.2.bax.h5
m140221_153431	liver	m140221_153431_sherri_c100633820630000001823124709121455_s1_p0.3.bax.h5
m140225_213446	liver	m140225_213446_42142_c100631882230000001823120209121480_s1_p0.1.bax.h5
m140225_213446	liver	m140225_213446_42142_c100631882230000001823120209121480_s1_p0.2.bax.h5
m140225_213446	liver	m140225_213446_42142_c100631882230000001823120209121480_s1_p0.3.bax.h5
m140226_005728	liver	m140226_005728_42142_c100631882230000001823120209121481_s1_p0.1.bax.h5
m140226_005728	liver	m140226_005728_42142_c100631882230000001823120209121481_s1_p0.2.bax.h5
m140226_005728	liver	m140226_005728_42142_c100631882230000001823120209121481_s1_p0.3.bax.h5
m140226_042308	liver	m140226_042308_42142_c100631882230000001823120209121482_s1_p0.1.bax.h5
m140226_042308	liver	m140226_042308_42142_c100631882230000001823120209121482_s1_p0.2.bax.h5
m140226_042308	liver	m140226_042308_42142_c100631882230000001823120209121482_s1_p0.3.bax.h5
m140226_074514	liver	m140226_074514_42142_c100631882230000001823120209121483_s1_p0.1.bax.h5
m140226_074514	liver	m140226_074514_42142_c100631882230000001823120209121483_s1_p0.2.bax.h5
m140226_074514	liver	m140226_074514_42142_c100631882230000001823120209121483_s1_p0.3.bax.h5
m140226_110708	liver	m140226_110708_42142_c100631882230000001823120209121484_s1_p0.1.bax.h5
m140226_110708	liver	m140226_110708_42142_c100631882230000001823120209121484_s1_p0.2.bax.h5
m140226_110708	liver	m140226_110708_42142_c100631882230000001823120209121484_s1_p0.3.bax.h5
m140320_000816	liver	m140320_000816_sherri_c110027181910000001823097005201470_s1_p0.1.bax.h5
m140320_000816	liver	m140320_000816_sherri_c110027181910000001823097005201470_s1_p0.2.bax.h5
m140320_000816	liver	m140320_000816_sherri_c110027181910000001823097005201470_s1_p0.3.bax.h5
m140320_033434	liver	m140320_033434_sherri_c110027181910000001823097005201471_s1_p0.1.bax.h5
m140320_033434	liver	m140320_033434_sherri_c110027181910000001823097005201471_s1_p0.2.bax.h5
m140320_033434	liver	m140320_033434_sherri_c110027181910000001823097005201471_s1_p0.3.bax.h5
m140320_070202	liver	m140320_070202_sherri_c110027181910000001823097005201472_s1_p0.1.bax.h5
m140320_070202	liver	m140320_070202_sherri_c110027181910000001823097005201472_s1_p0.2.bax.h5
m140320_070202	liver	m140320_070202_sherri_c110027181910000001823097005201472_s1_p0.3.bax.h5
m140320_103039	liver	m140320_103039_sherri_c110027181910000001823097005201473_s1_p0.1.bax.h5
m140320_103039	liver	m140320_103039_sherri_c110027181910000001823097005201473_s1_p0.2.bax.h5
m140320_103039	liver	m140320_103039_sherri_c110027181910000001823097005201473_s1_p0.3.bax.h5
m140320_135907	liver	m140320_135907_sherri_c110027181910000001823097005201474_s1_p0.1.bax.h5
m140320_135907	liver	m140320_135907_sherri_c110027181910000001823097005201474_s1_p0.2.bax.h5
m140320_135907	liver	m140320_135907_sherri_c110027181910000001823097005201474_s1_p0.3.bax.h5
m140320_172449	liver	m140320_172449_sherri_c110027181910000001823097005201475_s1_p0.1.bax.h5
m140320_172449	liver	m140320_172449_sherri_c110027181910000001823097005201475_s1_p0.2.bax.h5
m140320_172449	liver	m140320_172449_sherri_c110027181910000001823097005201475_s1_p0.3.bax.h5
m140326_032433	liver	m140326_032433_42141_c110038412550000001823107706241403_s1_p0.1.bax.h5
m140326_032433	liver	m140326_032433_42141_c110038412550000001823107706241403_s1_p0.2.bax.h5
m140326_032433	liver	m140326_032433_42141_c110038412550000001823107706241403_s1_p0.3.bax.h5
m140326_064556	liver	m140326_064556_42141_c110038412550000001823107706241404_s1_p0.1.bax.h5
m140326_064556	liver	m140326_064556_42141_c110038412550000001823107706241404_s1_p0.2.bax.h5
m140326_064556	liver	m140326_064556_42141_c110038412550000001823107706241404_s1_p0.3.bax.h5
m140326_100642	liver	m140326_100642_42141_c110038412550000001823107706241405_s1_p0.1.bax.h5
m140326_100642	liver	m140326_100642_42141_c110038412550000001823107706241405_s1_p0.2.bax.h5
m140326_100642	liver	m140326_100642_42141_c110038412550000001823107706241405_s1_p0.3.bax.h5
m140326_132650	liver	m140326_132650_42141_c110038412550000001823107706241406_s1_p0.1.bax.h5
m140326_132650	liver	m140326_132650_42141_c110038412550000001823107706241406_s1_p0.2.bax.h5
m140326_132650	liver	m140326_132650_42141_c110038412550000001823107706241406_s1_p0.3.bax.h5
m140326_164643	liver	m140326_164643_42141_c110038412550000001823107706241407_s1_p0.1.bax.h5
m140326_164643	liver	m140326_164643_42141_c110038412550000001823107706241407_s1_p0.2.bax.h5
m140326_164643	liver	m140326_164643_42141_c110038412550000001823107706241407_s1_p0.3.bax.h5
m140327_214046	liver	m140327_214046_sherri_c110045012490000001823114106241490_s1_p0.1.bax.h5
m140327_214046	liver	m140327_214046_sherri_c110045012490000001823114106241490_s1_p0.2.bax.h5
m140327_214046	liver	m140327_214046_sherri_c110045012490000001823114106241490_s1_p0.3.bax.h5
m140328_011325	liver	m140328_011325_sherri_c110045012490000001823114106241493_s1_p0.1.bax.h5
m140328_011325	liver	m140328_011325_sherri_c110045012490000001823114106241493_s1_p0.2.bax.h5
m140328_011325	liver	m140328_011325_sherri_c110045012490000001823114106241493_s1_p0.3.bax.h5
m140328_044318	liver	m140328_044318_sherri_c110045012490000001823114106241494_s1_p0.1.bax.h5
m140328_044318	liver	m140328_044318_sherri_c110045012490000001823114106241494_s1_p0.2.bax.h5
m140328_044318	liver	m140328_044318_sherri_c110045012490000001823114106241494_s1_p0.3.bax.h5
m140328_081253	liver	m140328_081253_sherri_c110045012490000001823114106241495_s1_p0.1.bax.h5
m140328_081253	liver	m140328_081253_sherri_c110045012490000001823114106241495_s1_p0.2.bax.h5
m140328_081253	liver	m140328_081253_sherri_c110045012490000001823114106241495_s1_p0.3.bax.h5
m140328_114130	liver	m140328_114130_sherri_c110045012490000001823114106241496_s1_p0.1.bax.h5
m140328_114130	liver	m140328_114130_sherri_c110045012490000001823114106241496_s1_p0.2.bax.h5
m140328_114130	liver	m140328_114130_sherri_c110045012490000001823114106241496_s1_p0.3.bax.h5
m140328_151420	liver	m140328_151420_sherri_c110045012490000001823114106241497_s1_p0.1.bax.h5
m140328_151420	liver	m140328_151420_sherri_c110045012490000001823114106241497_s1_p0.2.bax.h5
m140328_151420	liver	m140328_151420_sherri_c110045012490000001823114106241497_s1_p0.3.bax.h5
m140408_022216	liver	m140408_022216_42141_c110031780070000001823100905301410_s1_p0.1.bax.h5
m140408_022216	liver	m140408_022216_42141_c110031780070000001823100905301410_s1_p0.2.bax.h5
m140408_022216	liver	m140408_022216_42141_c110031780070000001823100905301410_s1_p0.3.bax.h5
m140408_022527	liver	m140408_022527_sherri_c110020411270000001823099305201403_s1_p0.1.bax.h5
m140408_022527	liver	m140408_022527_sherri_c110020411270000001823099305201403_s1_p0.2.bax.h5
m140408_022527	liver	m140408_022527_sherri_c110020411270000001823099305201403_s1_p0.3.bax.h5
m140408_054129	liver	m140408_054129_42141_c110031780070000001823100905301411_s1_p0.1.bax.h5
m140408_054129	liver	m140408_054129_42141_c110031780070000001823100905301411_s1_p0.2.bax.h5
m140408_054129	liver	m140408_054129_42141_c110031780070000001823100905301411_s1_p0.3.bax.h5
m140408_054526	liver	m140408_054526_sherri_c110020411270000001823099305201404_s1_p0.1.bax.h5
m140408_054526	liver	m140408_054526_sherri_c110020411270000001823099305201404_s1_p0.2.bax.h5
m140408_054526	liver	m140408_054526_sherri_c110020411270000001823099305201404_s1_p0.3.bax.h5
m140408_090042	liver	m140408_090042_42141_c110031780070000001823100905301412_s1_p0.1.bax.h5
m140408_090042	liver	m140408_090042_42141_c110031780070000001823100905301412_s1_p0.2.bax.h5
m140408_090042	liver	m140408_090042_42141_c110031780070000001823100905301412_s1_p0.3.bax.h5
m140408_090610	liver	m140408_090610_sherri_c110020411270000001823099305201405_s1_p0.1.bax.h5
m140408_090610	liver	m140408_090610_sherri_c110020411270000001823099305201405_s1_p0.2.bax.h5
m140408_090610	liver	m140408_090610_sherri_c110020411270000001823099305201405_s1_p0.3.bax.h5
m140408_122301	liver	m140408_122301_42141_c110030790010000001823106505301450_s1_p0.1.bax.h5
m140408_122301	liver	m140408_122301_42141_c110030790010000001823106505301450_s1_p0.2.bax.h5
m140408_122301	liver	m140408_122301_42141_c110030790010000001823106505301450_s1_p0.3.bax.h5
m140408_122608	liver	m140408_122608_sherri_c110020411270000001823099305201406_s1_p0.1.bax.h5
m140408_122608	liver	m140408_122608_sherri_c110020411270000001823099305201406_s1_p0.2.bax.h5
m140408_122608	liver	m140408_122608_sherri_c110020411270000001823099305201406_s1_p0.3.bax.h5
